sampleA,sampleB,baseMeanA,baseMeanB,baseMean,log2FoldChange,lfcSE,stat,pvalue,padj
SoffiXsponR570.10us89g084100.v2.1,Stem_120h_Diatrea,Stem_120h_Diatrea+Fusarium,269.992977692167,837.266940920724,553.629959306446,-1.63160740994792,0.155869798732541,-10.4677584959715,2.53748297690648e-05,0.0314452227798426
SoffiXsponR570.10Dg066300.v2.1,Stem_120h_Diatrea,Stem_120h_Diatrea+Fusarium,228.083099378696,722.622648820684,475.35287409969,-1.66240667915323,0.169842164036044,-9.78795041024342,4.80703383838529e-05,0.0459021389753463
SoffiXsponR570.02Fg114300.v2.1,Stem_120h_Diatrea,Stem_120h_Diatrea+Fusarium,366.473692507833,1169.62657008564,768.050131296738,-1.67550820093808,0.16627952261747,-10.0764554442018,2.42764501139736e-05,0.0304509579624739
SoffiXsponR570.10Dg065900.v2.1,Stem_120h_Diatrea,Stem_120h_Diatrea+Fusarium,331.049275913626,1062.53196326444,696.790619589031,-1.68108828300907,0.171212142049962,-9.81874452875255,3.474324020552e-05,0.0372244866101976
SoffiXsponR570.05Cg292800.v2.1,Stem_120h_Diatrea,Stem_120h_Diatrea+Fusarium,137.475065350973,461.484165395831,299.479615373402,-1.74583952397951,0.191595356953512,-9.11211812091623,4.95499946140946e-05,0.0461642402326447
SoffiXsponR570.01Ag488600.v2.1,Stem_120h_Diatrea,Stem_120h_Diatrea+Fusarium,366.917774281092,1263.30051195409,815.109143117593,-1.78453193506783,0.177479110380154,-10.0548843818601,4.92549771214717e-06,0.00938179616075203
SoffiXsponR570.5_9Ag211700.v2.1,Stem_120h_Diatrea,Stem_120h_Diatrea+Fusarium,250.324914121592,866.324434482959,558.324674302275,-1.79334803858552,0.200924160023403,-8.9254972541711,3.93220313271808e-05,0.0404450685418851
SoffiXsponR570.03Dg010600.v2.1,Stem_120h_Diatrea,Stem_120h_Diatrea+Fusarium,2132.84828070317,7405.06708543001,4768.95768306659,-1.79587238510978,0.190092857014483,-9.44734280558978,1.41484950138156e-05,0.020789394330586
SoffiXsponR570.05Ag187000.v2.1,Stem_120h_Diatrea,Stem_120h_Diatrea+Fusarium,836.963992274141,2983.48402697318,1910.22400962366,-1.8341973856532,0.214365650484104,-8.55639595947867,4.98194628006491e-05,0.0461642402326447
SoffiXsponR570.02Ag052700.v2.1,Stem_120h_Diatrea,Stem_120h_Diatrea+Fusarium,326.843092723511,1167.45745162208,747.150272172793,-1.83700572077834,0.179970104945483,-10.2072826002675,1.65321564945091e-06,0.00404864640095055
SoffiXsponR570.02Eg110200.v2.1,Stem_120h_Diatrea,Stem_120h_Diatrea+Fusarium,107.741039721162,391.926927717677,249.83398371942,-1.86512952296969,0.214852896368712,-8.68096057578349,2.82929936503535e-05,0.0327832649504376
SoffiXsponR570.09Cg136900.v2.1,Stem_120h_Diatrea,Stem_120h_Diatrea+Fusarium,1544.45911130527,5713.38639577813,3628.9227535417,-1.88760283337953,0.219420572741975,-8.60267025006466,2.61378473141419e-05,0.0320051717064688
SoffiXsponR570.03Dg155400.v2.1,Stem_120h_Diatrea,Stem_120h_Diatrea+Fusarium,144.614129835187,537.34632964568,340.980229740434,-1.89472351594555,0.231202880640289,-8.1950688101218,5.44482235770376e-05,0.049125670914384
SoffiXsponR570.01Bg103100.v2.1,Stem_120h_Diatrea,Stem_120h_Diatrea+Fusarium,134.137509887467,499.376555098554,316.75703249301,-1.90006727217249,0.22474982674101,-8.45414343461109,3.1041315877568e-05,0.0343310278054101
SoffiXsponR570.5_9Ag497200.v2.1,Stem_120h_Diatrea,Stem_120h_Diatrea+Fusarium,3351.46569809596,12687.2616203492,8019.3636592226,-1.92046292020701,0.219515029035163,-8.74866257972424,1.37544093900645e-05,0.0206652675213439
SoffiXsponR570.6_9Ag279900.v2.1,Stem_120h_Diatrea,Stem_120h_Diatrea+Fusarium,572.422580074008,2172.38801193738,1372.40529600569,-1.92504678555329,0.207614537435769,-9.27221575776622,4.182995831964e-06,0.00847714871843988
SoffiXsponR570.03Fg010800.v2.1,Stem_120h_Diatrea,Stem_120h_Diatrea+Fusarium,1815.07209763674,6901.73192946559,4358.40201355116,-1.92717225448314,0.193598453404271,-9.95448166343994,8.37441485623689e-07,0.002266733722245
SoffiXsponR570.06Cg143500.v2.1,Stem_120h_Diatrea,Stem_120h_Diatrea+Fusarium,474.476649362771,1857.20927981262,1165.84296458769,-1.96963268010179,0.22908861145763,-8.59768919794632,1.1552001301901e-05,0.0182798868601281
SoffiXsponR570.05Gg022700.v2.1,Stem_120h_Diatrea,Stem_120h_Diatrea+Fusarium,188.596319342087,749.188036848531,468.892178095309,-1.98736107176545,0.254807840159146,-7.79945024660227,5.33289424082758e-05,0.0485416079676603
SoffiXsponR570.02Bg084800.v2.1,Stem_120h_Diatrea,Stem_120h_Diatrea+Fusarium,310.34732655948,1272.38467481906,791.366000689271,-2.03615215286551,0.262845432768537,-7.74657612049342,4.03925810905999e-05,0.0411348447589578
SoffiXsponR570.02Cg040800.v2.1,Stem_120h_Diatrea,Stem_120h_Diatrea+Fusarium,340.658507497373,1408.05639369176,874.357450594564,-2.04889421931828,0.255835674861129,-8.00863374676126,2.06686912702539e-05,0.0271323677967294
SoffiXsponR570.04Ag103400.v2.1,Stem_120h_Diatrea,Stem_120h_Diatrea+Fusarium,95.8110754378527,404.3155088326,250.063292135226,-2.07534725087026,0.24140377605455,-8.59699580838907,4.20329960955543e-06,0.00847714871843988
SoffiXsponR570.06Eg070700.v2.1,Stem_120h_Diatrea,Stem_120h_Diatrea+Fusarium,791.086773339096,3372.23537646017,2081.66107489963,-2.0915468385702,0.248963679587949,-8.40101191479755,5.81631599633292e-06,0.0108771454203422
SoffiXsponR570.05Fg112300.v2.1,Stem_120h_Diatrea,Stem_120h_Diatrea+Fusarium,570.528298764717,2446.28384923969,1508.4060740022,-2.09996369698538,0.20293025081533,-10.3482043142813,2.97324510337927e-08,0.000160955841238515
SoffiXsponR570.03Bg011100.v2.1,Stem_120h_Diatrea,Stem_120h_Diatrea+Fusarium,435.079104315206,1865.12294247199,1150.1010233936,-2.10043019052114,0.223878203194304,-9.38202183397983,4.43216277914293e-07,0.00142460792128601
SoffiXsponR570.1Z027700.v2.1,Stem_120h_Diatrea,Stem_120h_Diatrea+Fusarium,128.812174498795,554.162011457986,341.48709297839,-2.10840014482868,0.22969673640449,-9.1790600851892,6.98284545398064e-07,0.00199507653337398
SoffiXsponR570.06Ag058900.v2.1,Stem_120h_Diatrea,Stem_120h_Diatrea+Fusarium,395.478164530888,1735.74014456214,1065.60915454651,-2.13328212772056,0.293448053577166,-7.26970958476501,5.62424681632877e-05,0.049869614701751
SoffiXsponR570.01Ag340500.v2.1,Stem_120h_Diatrea,Stem_120h_Diatrea+Fusarium,483.442907423207,2142.0461094325,1312.74450842785,-2.14893804332229,0.288297388102168,-7.45389355577771,3.37041260666082e-05,0.0368794850075219
SoffiXsponR570.06Cg035700.v2.1,Stem_120h_Diatrea,Stem_120h_Diatrea+Fusarium,327.66583196204,1462.41656103284,895.041196497442,-2.15892299523304,0.266567539234099,-8.09897184569453,6.88247671630146e-06,0.0124193688619632
SoffiXsponR570.01Bg310600.v2.1,Stem_120h_Diatrea,Stem_120h_Diatrea+Fusarium,476.248812885935,2132.2415504341,1304.24518166002,-2.16414181443255,0.281696862581993,-7.68252011966458,1.79337546326356e-05,0.0242709771907153
SoffiXsponR570.01Ag326900.v2.1,Stem_120h_Diatrea,Stem_120h_Diatrea+Fusarium,378.560551711028,1704.18041899515,1041.37048535309,-2.17236787961504,0.292272840566028,-7.43267104602654,3.02041127756083e-05,0.0341569641787559
SoffiXsponR570.01Fg139100.v2.1,Stem_120h_Diatrea,Stem_120h_Diatrea+Fusarium,95.0748356695714,431.693217100027,263.384026384799,-2.1889012014615,0.279025554691987,-7.84480548341818,1.01800678228727e-05,0.0166203342220539
SoffiXsponR570.06Fg010200.v2.1,Stem_120h_Diatrea,Stem_120h_Diatrea+Fusarium,135.244404800898,614.98140212934,375.112903465119,-2.18928794945556,0.240217686644757,-9.11376668402092,3.69401079781393e-07,0.00131017646420672
SoffiXsponR570.06Bg042600.v2.1,Stem_120h_Diatrea,Stem_120h_Diatrea+Fusarium,242.5727307814,1119.49255276266,681.032641772028,-2.20752933615676,0.286668872499015,-7.70062447629134,1.26403380966817e-05,0.0196990093223075
SoffiXsponR570.01Fg127400.v2.1,Stem_120h_Diatrea,Stem_120h_Diatrea+Fusarium,203.913446821638,941.964654863603,572.939050842621,-2.21058580227513,0.225401603814954,-9.80732064395571,3.91951456218329e-08,0.000191974090384726
SoffiXsponR570.01Cg165200.v2.1,Stem_120h_Diatrea,Stem_120h_Diatrea+Fusarium,263.498274807326,1218.19515277127,740.846713789298,-2.21108528638092,0.297495397441683,-7.43233443406247,2.34121166334583e-05,0.0297293415858147
SoffiXsponR570.06Cg035600.v2.1,Stem_120h_Diatrea,Stem_120h_Diatrea+Fusarium,2476.70013889788,11557.9494315668,7017.32478523232,-2.22247919538372,0.249791120635985,-8.89735067333515,4.94019601652014e-07,0.00153978424689453
SoffiXsponR570.10Eg047600.v2.1,Stem_120h_Diatrea,Stem_120h_Diatrea+Fusarium,398.61684479386,1871.83199066149,1135.22441772767,-2.23026096965912,0.302018959476707,-7.38450650092756,2.31602939841907e-05,0.0297293415858147
SoffiXsponR570.04Gg079800.v2.1,Stem_120h_Diatrea,Stem_120h_Diatrea+Fusarium,43.3475598237902,206.152645623055,124.750102723423,-2.24639473886618,0.310937358033247,-7.22458939342371,3.05518463137351e-05,0.0341569641787559
SoffiXsponR570.06Ag010300.v2.1,Stem_120h_Diatrea,Stem_120h_Diatrea+Fusarium,112.467168356731,545.741721663739,329.104445010235,-2.28368873042876,0.233444707991387,-9.78256800112608,1.91085626392914e-08,0.000115613548166291
SoffiXsponR570.02Dg084200.v2.1,Stem_120h_Diatrea,Stem_120h_Diatrea+Fusarium,72.6421488329058,362.600077969483,217.621113401195,-2.31779751813523,0.335830079823267,-6.90169718970674,4.35452140561347e-05,0.0426560622567409
SoffiXsponR570.10Fg023100.v2.1,Stem_120h_Diatrea,Stem_120h_Diatrea+Fusarium,588.227932451741,2976.29267423544,1782.26030334359,-2.33819375338087,0.29466951171953,-7.93497006098952,2.79492090371725e-06,0.00624944314071177
SoffiXsponR570.01Cg188700.v2.1,Stem_120h_Diatrea,Stem_120h_Diatrea+Fusarium,393.800440919311,1990.34688342743,1192.07366217337,-2.33947805871658,0.286319657913893,-8.17086076367187,1.4465914222258e-06,0.00362903920303553
SoffiXsponR570.05Fg026700.v2.1,Stem_120h_Diatrea,Stem_120h_Diatrea+Fusarium,82.5288467847635,434.715802622355,258.622324703559,-2.40160546079405,0.334401857830025,-7.18179461196289,1.38631043300608e-05,0.0206652675213439
SoffiXsponR570.05Dg025500.v2.1,Stem_120h_Diatrea,Stem_120h_Diatrea+Fusarium,26.8540324434323,144.057047930343,85.4555401868877,-2.42412820546564,0.315600391858519,-7.68100505576166,3.20428548532796e-06,0.00701234016763601
SoffiXsponR570.05Ag030200.v2.1,Stem_120h_Diatrea,Stem_120h_Diatrea+Fusarium,36.5094106834139,195.7476213313,116.128516007357,-2.42762653494258,0.332356190499892,-7.30429161343806,8.71612271843736e-06,0.0147272021865086
SoffiXsponR570.02Bg089200.v2.1,Stem_120h_Diatrea,Stem_120h_Diatrea+Fusarium,23.6108730610857,128.986877722089,76.2988753915875,-2.44149587273031,0.370393920183931,-6.59161973154934,4.97533915683285e-05,0.0461642402326447
SoffiXsponR570.08Ag219300.v2.1,Stem_120h_Diatrea,Stem_120h_Diatrea+Fusarium,33.6001073802057,187.760101410548,110.680104395377,-2.48322667964758,0.345336929529689,-7.19073596626187,8.73414612056686e-06,0.0147272021865086
SoffiXsponR570.01Dg386700.v2.1,Stem_120h_Diatrea,Stem_120h_Diatrea+Fusarium,26.1712309590559,151.040203879816,88.6057174194359,-2.54350116982956,0.392328834707918,-6.48308496550642,4.17366549983208e-05,0.042086915553993
SoffiXsponR570.09Ag162500.v2.1,Stem_120h_Diatrea,Stem_120h_Diatrea+Fusarium,3245.79274897109,19427.249601075,11336.521175023,-2.58137247128869,0.264271902725502,-9.76786576501835,1.08939101015735e-09,1.12050401740744e-05
SoffiXsponR570.03Ag113400.v2.1,Stem_120h_Diatrea,Stem_120h_Diatrea+Fusarium,17.544738274664,106.81464264521,62.1796904599368,-2.59307820611868,0.395158764769971,-6.56211740014967,2.77122977020122e-05,0.0327629435912433
SoffiXsponR570.03Cg152000.v2.1,Stem_120h_Diatrea,Stem_120h_Diatrea+Fusarium,120.127506572254,737.728324496393,428.927915534323,-2.62085490849694,0.371465689752802,-7.0554427523065,6.40270486490802e-06,0.0117599394925889
SoffiXsponR570.09Ag163300.v2.1,Stem_120h_Diatrea,Stem_120h_Diatrea+Fusarium,725.830539113987,4520.26923239828,2623.04988575613,-2.63863487768995,0.22656795625903,-11.6461079547951,2.37229072060516e-13,4.88008668717128e-09
SoffiXsponR570.09Bg067200.v2.1,Stem_120h_Diatrea,Stem_120h_Diatrea+Fusarium,18.7692882404814,122.612427784886,70.690858012684,-2.71196354566624,0.423738047084483,-6.40009450254897,2.67089768671549e-05,0.0321290283591406
SoffiXsponR570.05Cg348800.v2.1,Stem_120h_Diatrea,Stem_120h_Diatrea+Fusarium,157.992566412318,1040.01034430886,599.00145536059,-2.71774687620095,0.408530498169619,-6.65249446094612,1.30716192441527e-05,0.020067081626516
SoffiXsponR570.06Eg017400.v2.1,Stem_120h_Diatrea,Stem_120h_Diatrea+Fusarium,32.0144726032127,210.224919896877,121.119696250045,-2.72809027661072,0.35031913692476,-7.78744290294552,4.05082237184058e-07,0.00134527140305671
SoffiXsponR570.05Dg350200.v2.1,Stem_120h_Diatrea,Stem_120h_Diatrea+Fusarium,224.596938458961,1494.3165656174,859.456752038178,-2.73224350491161,0.358751260156254,-7.61598301765291,6.87701105503659e-07,0.00199507653337398
SoffiXsponR570.02Eg255600.v2.1,Stem_120h_Diatrea,Stem_120h_Diatrea+Fusarium,13.0889378521158,88.5947311555202,50.841834503818,-2.74684995688349,0.408022809685073,-6.73209901917887,9.29208573688577e-06,0.0154152704927923
SoffiXsponR570.10Bg189600.v2.1,Stem_120h_Diatrea,Stem_120h_Diatrea+Fusarium,71.9296795243502,494.879456167709,283.404567846029,-2.78712486614203,0.368749755627406,-7.55830973067331,6.28471727443649e-07,0.00190123788229247
SoffiXsponR570.02Fg088200.v2.1,Stem_120h_Diatrea,Stem_120h_Diatrea+Fusarium,33.9252417114093,233.395064211343,133.660152961376,-2.78802325518866,0.430107131662032,-6.48216002467827,1.61115649967771e-05,0.0224337654521595
SoffiXsponR570.04Gg034000.v2.1,Stem_120h_Diatrea,Stem_120h_Diatrea+Fusarium,22.9015045473491,157.408794894884,90.1551497211166,-2.79127048155146,0.429004729075712,-6.50638627589313,1.48725153608727e-05,0.0212462144438601
SoffiXsponR570.10Bg079500.v2.1,Stem_120h_Diatrea,Stem_120h_Diatrea+Fusarium,258.775204547585,1861.25634929465,1060.01577692112,-2.84448409481987,0.373928127523679,-7.60703430805628,4.05454358469685e-07,0.00134527140305671
SoffiXsponR570.10Dg112700.v2.1,Stem_120h_Diatrea,Stem_120h_Diatrea+Fusarium,21.1859847666108,151.745870326873,86.4659275467419,-2.85227687866291,0.360402120807041,-7.91415120498143,1.37755221301331e-07,0.000583594163416637
SoffiXsponR570.5_9Ag046200.v2.1,Stem_120h_Diatrea,Stem_120h_Diatrea+Fusarium,29.4840258940072,222.79700033604,126.140513115023,-2.91550021145389,0.445614906430732,-6.54264516150581,8.59575978481668e-06,0.0147272021865086
SoffiXsponR570.10Ag125900.v2.1,Stem_120h_Diatrea,Stem_120h_Diatrea+Fusarium,194.390964442821,1476.07894338796,835.234953915391,-2.92247831619925,0.315896945128205,-9.25136618530193,5.79639062644175e-10,6.62437282525881e-06
SoffiXsponR570.09Ag163500.v2.1,Stem_120h_Diatrea,Stem_120h_Diatrea+Fusarium,446.21431452483,3403.34820441932,1924.78125947207,-2.93011779856623,0.232809666545327,-12.5858940569194,5.6367847116613e-17,2.89888564151317e-12
SoffiXsponR570.05Eg074300.v2.1,Stem_120h_Diatrea,Stem_120h_Diatrea+Fusarium,22.0951655828229,169.279974697779,95.687570140301,-2.93720600454748,0.404256472081434,-7.26569939480351,8.25542978982576e-07,0.002266733722245
SoffiXsponR570.05Fg006000.v2.1,Stem_120h_Diatrea,Stem_120h_Diatrea+Fusarium,9.8561791767972,75.1969933610454,42.5265862689213,-2.95074462519823,0.493578222586341,-5.97827150828573,3.87098663324822e-05,0.0402175960756948
SoffiXsponR570.05Eg024300.v2.1,Stem_120h_Diatrea,Stem_120h_Diatrea+Fusarium,24.1179171288017,190.021291528792,107.069604328797,-2.96558957727198,0.319348949693415,-9.28636082917774,3.75411273209363e-10,4.82666273965277e-06
SoffiXsponR570.02Dg282200.v2.1,Stem_120h_Diatrea,Stem_120h_Diatrea+Fusarium,9.94322686542336,78.4693331720271,44.2062800187252,-3.00315055982348,0.50326384555076,-5.96734811446053,3.44114501056704e-05,0.0372244866101976
SoffiXsponR570.02Bg377800.v2.1,Stem_120h_Diatrea,Stem_120h_Diatrea+Fusarium,38.9656796829405,316.237225187344,177.601452435142,-3.01965264937537,0.483097977992562,-6.25060088622823,1.45352932934759e-05,0.0210569313661092
SoffiXsponR570.01Eg058700.v2.1,Stem_120h_Diatrea,Stem_120h_Diatrea+Fusarium,25.8573926475378,210.203008838822,118.03020074318,-3.02756542570048,0.349432679999574,-8.66423090623399,3.26765700742408e-09,3.05543753777828e-05
SoffiXsponR570.08Cg002500.v2.1,Stem_120h_Diatrea,Stem_120h_Diatrea+Fusarium,37.855523352537,306.538990527496,172.197256940017,-3.0300713852828,0.372684679499373,-8.13038891041374,2.5590864170563e-08,0.000146231884729301
SoffiXsponR570.03Ag094400.v2.1,Stem_120h_Diatrea,Stem_120h_Diatrea+Fusarium,16.2628035939588,140.09181254477,78.1773080693643,-3.10489937727592,0.507768047767247,-6.11479865842042,1.69613845393208e-05,0.0232610689090184
SoffiXsponR570.01Bg427200.v2.1,Stem_120h_Diatrea,Stem_120h_Diatrea+Fusarium,15.5538963493533,133.315878214529,74.4348872819412,-3.11203079546169,0.514035310948315,-6.05411871359668,1.98922958911785e-05,0.0265719738465331
SoffiXsponR570.05Gg018900.v2.1,Stem_120h_Diatrea,Stem_120h_Diatrea+Fusarium,17.6644736124542,153.65121615613,85.6578448842922,-3.11610387616145,0.427190808372294,-7.29440759279115,3.64389479244177e-07,0.00131017646420672
SoffiXsponR570.05Cg073800.v2.1,Stem_120h_Diatrea,Stem_120h_Diatrea+Fusarium,20.3862620136347,177.361067345826,98.8736646797301,-3.13712903453127,0.475921959511625,-6.59168792663085,3.55275704437172e-06,0.00761296621991453
SoffiXsponR570.1Z042800.v2.1,Stem_120h_Diatrea,Stem_120h_Diatrea+Fusarium,211.133848873498,1869.50741917492,1040.32063402421,-3.14610083868822,0.240947409079381,-13.057209665416,2.6233432388481e-19,2.6982659217496e-14
SoffiXsponR570.05Eg074700.v2.1,Stem_120h_Diatrea,Stem_120h_Diatrea+Fusarium,11.7134496211742,108.571937742156,60.142693681665,-3.2048846996025,0.408636594574103,-7.84287247436261,3.41264902692118e-08,0.000175505714156502
SoffiXsponR570.05Bg037300.v2.1,Stem_120h_Diatrea,Stem_120h_Diatrea+Fusarium,35.8210815603074,345.583726830799,190.702404195553,-3.26314981712325,0.408915825367974,-7.98000374328095,1.56047434431278e-08,0.000100315093224147
SoffiXsponR570.09Bg154000.v2.1,Stem_120h_Diatrea,Stem_120h_Diatrea+Fusarium,334.177383478396,3293.73056550726,1813.95397449283,-3.2995754258081,0.311204799018408,-10.6025852950067,7.38200856923196e-14,1.89820968349231e-09
SoffiXsponR570.10Fg012100.v2.1,Stem_120h_Diatrea,Stem_120h_Diatrea+Fusarium,24.8155439689835,271.132798589763,147.974171279373,-3.45830872818955,0.436904255507678,-7.91548419268893,9.18698013995779e-09,6.74954306625356e-05
SoffiXsponR570.05Gg145400.v2.1,Stem_120h_Diatrea,Stem_120h_Diatrea+Fusarium,45.0187997522792,598.672579787671,321.845689769975,-3.72764700316766,0.393736051804961,-9.46737538023104,2.14015639404637e-12,3.66879876776722e-08
SoffiXsponR570.05Ag302000.v2.1,Stem_120h_Diatrea,Stem_120h_Diatrea+Fusarium,4.5803870554179,59.9898908585489,32.2851389569834,-3.72813130252623,0.705699093386907,-5.28289087723433,5.53500585810832e-05,0.0495050923949208
SoffiXsponR570.05Gg029700.v2.1,Stem_120h_Diatrea,Stem_120h_Diatrea+Fusarium,5.10033698684123,74.3199882852039,39.7101626360225,-3.82924103928822,0.722239084040633,-5.30190227018064,4.47695863025752e-05,0.0434417034786573
SoffiXsponR570.10Eg115500.v2.1,Stem_120h_Diatrea,Stem_120h_Diatrea+Fusarium,14.6776301064644,214.60392938432,114.640779745392,-3.8680267383411,0.426422680217758,-9.07087478641108,8.73248853577561e-12,1.28312691547962e-07
SoffiXsponR570.05Gg091600.v2.1,Stem_120h_Diatrea,Stem_120h_Diatrea+Fusarium,3.59990146635116,61.8148627636348,32.707382114993,-4.04856714033699,0.65667697418123,-6.16523389659717,1.72180027194033e-06,0.00411854625048127
SoffiXsponR570.06Cg122300.v2.1,Stem_120h_Diatrea,Stem_120h_Diatrea+Fusarium,2.21507200654727,39.7033424568669,20.9592072317071,-4.15619149752583,0.787285418793821,-5.27914197101912,3.04940991288663e-05,0.0341569641787559
SoffiXsponR570.06Fg064800.v2.1,Stem_120h_Diatrea,Stem_120h_Diatrea+Fusarium,2.35525085150904,44.3792987742797,23.3672748128944,-4.16415774288117,0.811428528853077,-5.1318848115521,4.81977814550187e-05,0.0459021389753463
SoffiXsponR570.05Cg134200.v2.1,Stem_120h_Diatrea,Stem_120h_Diatrea+Fusarium,2.71509651109675,54.9729082763353,28.844002393716,-4.28902989969452,0.734607299617899,-5.83853427800872,3.78030902694936e-06,0.00793525439338579
SoffiXsponR570.03Ag007600.v2.1,Stem_120h_Diatrea,Stem_120h_Diatrea+Fusarium,2.08245142442841,39.1459916473127,20.6142215358706,-4.31024604872713,0.833380440854303,-5.17200289019103,3.56253726001618e-05,0.0376046662839475
SoffiXsponR570.06Cg063100.v2.1,Stem_120h_Diatrea,Stem_120h_Diatrea+Fusarium,2.01419268374339,40.6243439159211,21.3192682998323,-4.37961944505338,0.851136996962735,-5.14561047244094,3.58292884792998e-05,0.0376046662839475
SoffiXsponR570.02Ag045600.v2.1,Stem_120h_Diatrea,Stem_120h_Diatrea+Fusarium,1.7612417300329,40.8704046823313,21.3158232061821,-4.43324684236422,0.798600072013867,-5.55127278061057,8.57537286867467e-06,0.0147272021865086
SoffiXsponR570.08Dg011600.v2.1,Stem_120h_Diatrea,Stem_120h_Diatrea+Fusarium,1.64688074415699,41.0818722207398,21.3643764824484,-4.67120430227832,0.935544239353627,-4.99303411403151,4.35211659344558e-05,0.0426560622567409
SoffiXsponR570.08Bg088400.v2.1,Stem_120h_Diatrea,Stem_120h_Diatrea+Fusarium,3.07850357740476,87.2457412265701,45.1621224019874,-4.78984926727369,0.663151967170093,-7.22285313834428,5.48832604882363e-09,4.70422720064836e-05
SoffiXsponR570.05Bg131100.v2.1,Stem_120h_Diatrea,Stem_120h_Diatrea+Fusarium,0.235888588710587,26.5156695093017,13.3757790490061,-6.08059033752017,1.29444756990393,-4.69744042083641,4.34035728152581e-05,0.0426560622567409
SoffiXsponR570.8_5Ag184400.v2.1,Stem_120h_Diatrea,Stem_120h_Diatrea+Fusarium,1.04010453819867,96.6654170320131,48.8527607851059,-6.32454566213726,0.938694127179048,-6.73760011809566,7.04504713146034e-09,5.57404129041142e-05
SoffiXsponR570.05Gg036400.v2.1,Stem_120h_Diatrea,Stem_120h_Diatrea+Fusarium,0.971746193291333,80.4093684487749,40.6905573210331,-6.38352020113153,1.04860758167523,-6.08761591341291,1.41847379690207e-07,0.000583594163416637
